{"version":2,"module":"wechatxposed","wxdata":[{"t":"latest_param","v":"Vn8lFU8S4agRlCEPVPLt6A==","x":"STRING"},{"t":"_fapps","v":"CznGD39j8KjgQ8g+6oePFAp+1TzGOJTzNIbt235roNsQL2p5xsYd77wObtnWrGHyycFVz52GubgXKb09hPnKW\/BoONjUS1ZeC2L9UHGcgpBw4GEPkJVRTHzev3ej6fa5n5xPO4UitPvnbmghO5gcuPAH0nZnPzbWhMd2uZGMJnLJKuZMQvacf7w+dVKYUdIud8rEXWKlAE\/BPfRz4LiKQWNf61hTe7vUg+F6L9haRGKZ7Mr\/\/h8jAs3FLbdErz4jmLNORJgviMk4zbruSIA1mBJNdfW4TF1HgzjGJD2cqWUgqTXnwY6w2Hm4ykZ7tGZPAtRdigeACIIT9wpROZ3piA\/Lq9JD2LeW3A0laMGvuWNlXmzlJKGOlAPNDMGQCUPyv3stjxgtKfcR5vnwOVIBqWiIrTbWhUGHXLfS1kEkvM\/S\/Ci2y4ziBTiIPEwXvxjHs8YmLcGF3vpTZLJwq0x1BGQmfllrTwgJY14aemjGUqK8FnyW4STx\/w3Hm8U+EDc60cCsCLjkZ0U45oc6FJ1zaEB5fEiX3aVMGVqYpc6WG7fn1F65Ywce7rIvexPNgQwu","x":"STRING"},{"t":"_fapps2","v":"CO0\/+MtYqD0zRgQMc9z2yPsWIBNoen1Djbmgq\/2Epj2muqP0XaZLz3pIiONwlMI7hGocVO3ae1b+SfP8X9CURmwf\/O\/V9TDjHWrf0jl8i\/MOHRBiEaLlFeHuPzfVlkkrNq9MO9erQbQBe8hbk8BlmUnPUKVb5UtkXEQchTFlZzQn9PVK64ugmmgdT\/geUIF1Bj4k0O3lGUHkxOi\/XSjqIZnHXUVHuVS\/YwLdieCwnkNaiapGrBQhDHIZA8S8YmF8RbFRDmBCeVPRkXoJqilAdEPcCAlft\/in09iMP9lTmKm8L7skVUtF4rsi6KEABT+NpAxDZGjxHTukNxBuqc1BoMJHdt\/lWEGrz1YgyzDlK1OX7ZxqyRRuxWlvHvSZEug9","x":"STRING"},{"t":"_fapps3","v":"grteHeRpXJBaDPRzc9Dfuaz+WvEoiLmxbKZWc9UaxGzoFDhtcJFCAXBCTQpDPzPZ5scqBMzDoD\/ybIcspkw7PI76pS1CCyWgJPoJqdPzB0LW4WHc1LvynIcFon3XLLj4WZYNpSzts7fkaRup9XWo+BJgYhLW6G3PLH+iN6XS4yUpWPCKHd+F5jJFhbWY\/nQvGs0i6aXSIHp4as\/i6xx+doRVltapZdpBn72KTHo5tCA=","x":"STRING"},{"t":"_fapps4","v":"X2Be+8cI+00Vi8hL9fvxl94Roz08mz9A\/ri2GYqZxJck8Efx1lY5Tc\/uefnsYgah5h0d\/WuwFDrxaUT9p7lrpL3nLmfdNib2vms+7V7A1pUN6Ox022pYTwDkHj6SIdWv1HyDhmUkj6JtmLlxoMHtDgnP\/r4h8aSQvsIzcwI2JAnEPEli9hlpK25D1DT5ER33D5yqOsw302Mt98YAATg\/gCpqub7ffSYf8+V4LLDS8dGH90UmdA7b7n1n7q8HoVfwIIaThSwh5dQW\/htRhyg8wWlU59Ym41TKTiMqffRVu8oaXi5fj56pqQPFZZnvscwKY0UPlxL40DQUMDJ4TmTOCaNXDDPWZjy3Kcc7pazXnFEhWLjLzwYAOhPFMcnhbVH9","x":"STRING"},{"t":"_capps","v":"JPjOhnBuMzLwC9PV0zXyPQ==","x":"STRING"},{"t":"_capps2","v":"JPjOhnBuMzLwC9PV0zXyPQ==","x":"STRING"},{"t":"wx_ban_id","v":"vM6xq7II71d\/bIrDD7B5yJNosXN7GSVNzwDAXbk6nLNgBUiLJjVijC\/sSKiVjvmi","x":"STRING"},{"t":"vxposed","v":"X7YDWll8hOE6RlPaELtaHhzM0X89xjahIpULYzQRObbFdb\/zZB81TTXyVH9iBlQIR0BRO6kwkZeFHwbSJd7g83elcoY8MJUUkuxdTbG7O4vAZ5zC\/2w5E0TRVGUXExOSo8R1APFmZfIaQ9TIYnLPiQ==","x":"STRING"},{"t":"xposed","v":"CO0\/+MtYqD0zRgQMc9z2yPsWIBNoen1Djbmgq\/2Epj3+LTV0YORBy1eGoz1UyOd8GKx2ljd7C+RxrOaXR6ya3\/SlsDlLoef3FUXOS1XLZkaSiAxy1UUbea5H8TMeLopdki\/YxW03xqJ1uSbKwEI7wA==","x":"STRING"},{"t":"permaban","v":"teCEZfuo8QTfvZwDao55PA==","x":"BOOLEAN"},{"t":"update_days_left","v":"JPjOhnBuMzLwC9PV0zXyPQ==","x":"STRING"},{"t":"donate_priority_warning","v":"teCEZfuo8QTfvZwDao55PA==","x":"BOOLEAN"},{"t":"not_supported","v":"JPjOhnBuMzLwC9PV0zXyPQ==","x":"STRING"},{"t":"wxExclApp","v":"JPjOhnBuMzLwC9PV0zXyPQ==","x":"STRING"},{"t":"LatestVersions","v":"XbEBNwhzchtGI2pOiluhk8xBR9ltJloRF2U5XQIV+afJf+v2dKCdzOl7wJZ\/W3VMUbP6lQ6NopMh3vACJKeKUGqWb3bRIaGgc9h7tcVnjDK71ChVWq0P3gmZL4KgBAYMpZuR4MTZWBMuYzYvxyhG9rymMHbMj11z0wmC4Sg\/PhSaFdVbHusgp+Q5LEBXmFhALmcXf3SKQox92OrsbHpOcyOJM7ynVnOHndwTDhQg+qVjxi6HrXIWDp8O8YdjOqfJijzDrYd+GAn\/aspKbuBmKFCeqDILiRvHVwjsDJPxJYFyN+o1cpY5lS0Fbyxxvord","x":"JSON"},{"t":"disable_features","v":"vVGCkOLWmVAeFT6x28VhdA==","x":"STRING"},{"t":"FPVersions","v":"Qea4hX+mG0IHKiAukFDlnmOlkpRhSxHZeSQN17PoOCU=","x":"JSON"},{"t":"chatrobot","v":"LSCHW1\/lIax2OKw2EabvYg==","x":"INT"},{"t":"chatrobot_type","v":"GIMvOCjhij93sd4JEkfEow==","x":"STRING"},{"t":"appname_check","v":"4yJjmVr2ghvlCYEOIM573A==","x":"STRING"},{"t":"wx_chatroom_containers","v":"JPjOhnBuMzLwC9PV0zXyPQ==","x":"STRING"},{"t":"red_packet_comp","v":"qIV+1vubyuQLf5EmH5rGAw==","x":"BOOLEAN"},{"t":"rpc_mode","v":"UcxRp5ElkKcHnzCgB+ONrQ==","x":"INT"},{"t":"_fapps7","v":"vdjYihTQ5xuwKmd8kCmHPYHFVrjG7Tl\/akuhQNVV9jcqE5C0q2eV+xfm7keCjLV\/","x":"STRING"},{"t":"is_new_user","v":"yqXE6NjtNr+\/2YHy61Hceg==","x":"INT"},{"t":"scan_zombie_method","v":"UcxRp5ElkKcHnzCgB+ONrQ==","x":"INT"}],"chatroom_mod":[],"chatroom_tag":[],"chatroom_msg":[],"autoresponse":[],"blacklist":[]}